,id,park_name,address,type,fees,lights,indoor,courts,location_lat,location_long,location_address
0,4,Echo Park,"1632 Bellevue Ave, Los Angeles",Public,No,Yes,No,6,34.07109851020408,-118.26263595918367,"1632, Bellevue Avenue, Echo Park, Los Angeles, Los Angeles County, California, 90026, United States"
1,5,Elysian Park,"835 Academy Rd, Los Angeles",Public,No,No,No,2,34.07908265306122,-118.23526895918367,"835, Academy Road, Elysian Park, Los Angeles, Los Angeles County, California, 90012, United States"
2,9,Lafayette Park,"9386 Wilshire Blvd, Los Angeles",Public,No,Yes,No,2,34.06712764285714,-118.39670592857144,"9386, Wilshire Boulevard, Beverly Hills, Los Angeles County, California, 90210, United States"
3,10,Hazard Park,"2230 Norfolk St, Los Angeles",Public,No,Yes,No,2,34.0606692745268,-118.2007494051013,"2230, Norfolk Street, Boyle Heights, Los Angeles, Los Angeles County, California, 90033, United States"
4,11,Lincoln Park,"3501 Valley Blvd, Los Angeles",Public,No,No,No,4,34.065574,-118.20203,"3501, Valley Boulevard, El Sereno, Lincoln Heights, Los Angeles, Los Angeles County, California, 90031, United States"
5,12,Shatto Recreation Center,"3191 W 4th St, Los Angeles",Public,No,Yes,No,4,34.06715712946322,-118.28967675398806,"3191, West 4th Street, Koreatown, Los Angeles, Los Angeles County, California, 90020, United States"
6,14,Ross Snyder Recreation Center,"1501 E 41st Street, Los Angeles",Public,No,No,No,2,34.008688,-118.247265,"1501, East 41st Street, Nevin, Central-Alameda, Los Angeles, Los Angeles County, California, 90011, United States"
7,18,Ruben Salazar Park,"3864 Whittier Blvd, East Los Angeles",Public,No,No,No,2,34.02384103846154,-118.1898435,"3864, Whittier Boulevard, East Los Angeles, Los Angeles County, California, 90023, United States"
8,20,Loren Miller Recreation Center,"2717 Halldale Ave, Los Angeles",Public,No,Yes,No,2,34.03063968686869,-118.30287935353536,"2717, Halldale Avenue, Adams Normandie Historic District, Adams-Normandie, Los Angeles, Los Angeles County, California, 90018, United States"
9,21,Montecito Heights Recreation Center,"4545 Homer St, Los Angeles",Public,No,No,No,1,34.0924386,-118.2052664,"Homer Street, Montecito Heights, Los Angeles, Los Angeles County, California, 90065, United States"
10,23,South Park,"345 E 51st St, Los Angeles",Public,No,Yes,No,2,33.996631,-118.268608375,"345, East 51st Street, South Park, Los Angeles, Los Angeles County, California, 90011, United States"
11,25,Glassell Recreation Center,"3650 Verdugo Rd, Los Angeles",Public,No,Yes,No,2,34.11608036231884,-118.23372676811594,"3650, Verdugo Road, Los Angeles, Los Angeles County, California, 90065, United States"
12,27,Exposition Park,"3900 S Western Ave, Los Angeles",Public,No,No,No,1,34.014499,-118.308805,"3900, South Western Avenue, Exposition Park, Los Angeles, Los Angeles County, California, 90062, United States"
13,29,Griffith - Riverside Park,"3401 Riverside Dr, Los Angeles",Public,Yes,Yes,No,12,34.113198,-118.268343,"3401, Riverside Drive, Los Feliz, Los Angeles, Los Angeles County, California, 90027, United States"
14,31,Bethune Park,"1244 E 61st St, Florence-Graham",Public,No,Yes,No,1,,,
15,32,Hermon Park,"5566 Via Marisol, Los Angeles",Public,No,Yes,No,11,34.1114755,-118.1775198,"5566, Via Marisol, Montecito Heights, Los Angeles, Los Angeles County, California, 90042, United States"
16,34,Queen Anne Recreation Center,"1240 West Blvd, Los Angeles",Public,No,Yes,No,4,34.05046608695652,-118.33289504347826,"1240, West Boulevard, Mid-Wilshire, Los Angeles, Los Angeles County, California, 90019, United States"
17,37,Highlands Park,"400 Casuda Canyon Drive, Monterey Park",Public,No,Yes,No,2,34.058178,-118.15633,"400, Casuda Canyon Drive, Monterey Park, Los Angeles County, California, 91754, United States"
18,38,Sunnyslopes Park,"1601 Sunnyslope Dr, Monterey Park",Public,No,Yes,No,2,34.0467934,-118.1504566,"Sunnyslope Drive, Monterey Park, Los Angeles County, California, 91754, United States"
19,43,Granada Park,"2000 W Hellman Ave, Alhambra",Public,No,No,No,2,34.069578,-118.145732,"2000, West Hellman Avenue, Alhambra, Los Angeles County, California, 91803, United States"
20,44,Salt Lake Park,"3401 E Florence Ave, Huntington Park",Public,No,Yes,No,5,33.97234581266136,-118.20653628668052,"3401, East Florence Avenue, Huntington Park, Los Angeles County, California, 90255, United States"
21,46,Harvard Recreation Center,"1535 W 62nd St, Los Angeles",Public,No,Yes,No,8,33.98333065306122,-118.30320075510204,"1535, West 62nd Street, Harvard Park, Los Angeles, Los Angeles County, California, 90047, United States"
22,49,Yosemite Recreation Center,"1840 Yosemite Dr, Los Angeles",Public,No,Yes,No,2,34.13371041935484,-118.20823896774193,"1840, Yosemite Drive, Eagle Rock, Los Angeles, Los Angeles County, California, 90041, United States"
23,50,Van Ness Recreation Center,"5720 2nd Ave, Los Angeles",Public,No,Yes,No,2,33.9904952244898,-118.31917042857143,"5720, 2nd Avenue, Hyde Park, Los Angeles, Los Angeles County, California, 90043, United States"
24,51,Griffith Park,"4730 Crystal Springs Dr, Los Angeles",Public,No,Yes,No,4,34.140603999999996,-118.29651118079025,"Griffith Park Boys Camp, 4730, Crystal Springs Drive, Griffith Park, Los Angeles, Los Angeles County, California, 90027, United States"
25,56,Alhambra Park,"500 N Palm Ave, Alhambra",Public,No,Yes,No,5,34.0716166,-118.1464702,"Palm Avenue, Alhambra, Los Angeles County, California, 91803, United States"
26,59,Rancho Cienega Tennis Center,"5001 Rodeo Rd, Los Angeles",Public,Yes,Yes,No,12,34.021592,-118.351843,"5001, Obama Boulevard, Baldwin Hills/Crenshaw, Los Angeles, Los Angeles County, California, 90016, United States"
27,61,Orange Grove Park,"815 Mission St, South Pasadena",Public,No,Yes,No,2,34.115653148887326,-118.15969443318973,"815, Mission Street, Olga, South Pasadena, Los Angeles County, California, 91030, United States"
28,63,Leon H Washington Park,"8908 Maie Avenue, Florence-Graham",Public,No,Yes,No,2,,,
29,64,Saybrook Park,"6250 E Northside Dr, East Los Angeles",Public,No,No,No,1,34.0141933,-118.1365529,"Northside Drive, East Los Angeles, El Monte, Los Angeles County, California, 90022, United States"
30,68,Plummer Park,"1200 N Vista St, Los Angeles",Public,No,Yes,No,4,34.09243932058379,-118.3517113184541,"1200, North Vista Street, West Hollywood, Los Angeles County, California, 90046, United States"
31,70,Jim Gilliam Park,"4000 S La Brea Ave, Los Angeles",Public,No,Yes,No,4,34.0706091,-118.3440256,"South La Brea Avenue, La Brea Ave, Los Angeles, Hancock Park, Los Angeles, Los Angeles County, California, 90036, United States"
32,72,George Elder Park,"1950 Wilcox Ave, Monterey Park",Public,No,No,No,4,34.04130754524344,-118.12789715618946,"1950, Wilcox Avenue, Monterey Park, Los Angeles County, California, 91755, United States"
33,73,Live Oaks Tennis Association,"1500 Oak Meadow Ln, South Pasadena",Public,Yes,Yes,No,4,34.10857,-118.143085,"1500, Oak Meadow Lane, South Pasadena, Los Angeles County, California, 91030, United States"
34,74,Algin Sutton Recreation Center,"8800 S Hoover St, Los Angeles",Public,No,Yes,No,2,33.957833,-118.286859,"8800, South Hoover Street, Vermont Vista, Los Angeles, Los Angeles County, California, 90044, United States"
35,75,Clara Street Park,"4835 Clara St, Cudahy",Public,No,No,No,3,33.965182750000004,-118.18223275,"4835, Clara Street, Cudahy, Los Angeles County, California, 90201, United States"
36,81,Garfield Park,"1777 Grevelia St, South Pasadena",Public,No,Yes,No,2,34.1189152,-118.1477635,"Grevelia Street, Raymond Hill, South Pasadena, Los Angeles County, California, 91030, United States"
37,84,Fremont Park,"600 Hahn Ave, Glendale",Public,Yes,Yes,No,8,34.15765,-118.26695,"600, Hahn Avenue, North Glendale, Glendale, Los Angeles County, California, 91203, United States"
38,85,Will Rogers Memorial Park,"1501 Will Rogers Park Rd, Los Angeles",Public,No,Yes,No,4,,,
39,89,St Andrews Recreation Center,"8701 S St Andrews Place, Los Angeles",Public,No,Yes,No,3,33.9319856,-118.3112937,"South Saint Andrews Place, Westmont, Los Angeles County, California, 90047, United States"
40,90,St Andrews Recreation Center,"8701 S St Andrews Place, Los Angeles",Public,No,Yes,No,3,33.9319856,-118.3112937,"South Saint Andrews Place, Westmont, Los Angeles County, California, 90047, United States"
41,92,Allendale Park,"1130 S Marengo Avenue, Pasadena",Public,No,Yes,No,1,,,
42,93,Cudahy City Park,"5220 Santa Ana St, Cudahy",Public,No,No,No,1,33.959615428571425,-118.17469971428572,"5220, Santa Ana Street, Cudahy, Los Angeles County, California, 90201, United States"
43,96,La Cienega Tennis Center,"325 South La Cienega Blvd, Beverly Hills",Public,Yes,Yes,No,16,,,
44,97,La Cienega Tennis Center,"325 S La Cienega Blvd, Los Angeles",Public,Yes,Yes,No,16,34.0229536,-118.3722877,"La Cienega Boulevard, Sentous, Baldwin Hills/Crenshaw, Los Angeles, Los Angeles County, California, 90250, United States"
45,98,Almansor Park,"800 S Almansor St, Alhambra",Public,No,Yes,No,3,34.0828343,-118.1169395,"Almansor Street, Alhambra, Los Angeles County, California, 91801, United States"
46,99,North Park,"625 E Hargrave St, Inglewood",Public,No,No,No,3,33.9792141,-118.3453853,"Hargrave Street, Inglewood, Los Angeles County, California, 90302, United States"
47,101,Glendale Community College,"1500 N Verdugo Rd, Glendale",Public,No,Yes,No,6,34.1668369,-118.2277735,"Glendale Community College Police Department, 1500, North Verdugo Road, Glendale, Los Angeles County, California, 91208, United States"
48,102,Montebello City Park,"1300 W Whittier Blvd, Montebello",Public,No,Yes,No,4,34.0142143,-118.1275788,"West Whittier Boulevard, Montebello, Los Angeles County, California, 90640, United States"
49,103,South Gate Park,"4900 Southern Avenue, South Gate",Public,No,Yes,No,6,33.946809,-118.18247,"4900, Southern Avenue, South Gate, Los Angeles County, California, 90280, United States"
50,104,Scholl Canyon Tennis Center,"3800 E Glenoaks Blvd, Glendale",Public,Yes,Yes,No,10,34.1589789,-118.2543233,"East Glenoaks Boulevard, Glendale City Center, Glendale, Los Angeles County, California, 91207, United States"
51,107,Edward Vincent Jr Park,"700 Warren Ln, Inglewood",Public,No,Yes,No,8,33.972624,-118.346031,"700, Warren Lane, Inglewood, Los Angeles County, California, 90302, United States"
52,111,Veterans Park,"6662 Loveland St, Bell Gardens",Public,No,Yes,No,2,33.968491071650774,-118.14393942741596,"6662, Loveland Street, Bell Gardens, Los Angeles County, California, 90201, United States"
53,113,Brookside Park,"360 N Arroyo Blvd, Pasadena",Public,No,Yes,No,5,34.151243800020126,-118.16574618900542,"360, North Arroyo Boulevard, Pasadena, Los Angeles County, California, 91103, United States"
54,114,Darby Park,"3400 W Arbor Vitae St, Inglewood",Public,No,Yes,No,2,33.95238526648523,-118.3297099326983,"3400, West Arbor Vitae Street, Morningside Park, Inglewood, Los Angeles County, California, 90305, United States"
55,115,San Marino Tennis Center,"1196 Saint Albans Road, San Marino",Public,Yes,No,No,6,34.11905213345839,-118.1243126905118,"1196, Saint Albans Road, San Marino, Los Angeles County, California, 91108, United States"
56,116,Mountain View Park,"1401 W Riverside Dr, Burbank",Public,No,No,No,2,,,
57,121,Potrero Heights Park,"8051 Arroyo Dr, South San Gabriel",Public,No,No,No,2,34.04287797293421,-118.09438466063465,"8051, Arroyo Drive, South San Gabriel, Montebello, Los Angeles County, California, 91770, United States"
58,123,Smith Park,"232 West Broadway, San Gabriel",Public,No,Yes,No,2,34.09894249722387,-118.10231222742323,"232, West Broadway, San Gabriel, Los Angeles County, California, 91776, United States"
59,126,Rogers Park,"400 West Beach Ave, Inglewood",Public,No,Yes,No,2,33.96918249478398,-118.35957272909613,"400, West Beach Avenue, Inglewood, Los Angeles County, California, 90302, United States"
60,131,Furman Park,"10419 Rives Ave, Downey",Public,No,Yes,No,4,33.952680816326534,-118.13654022448979,"10419, Rives Avenue, Downey, Los Angeles County, California, 90241, United States"
61,133,Emerald Isle Park,"2310 Lenore Dr, Glendale",Public,No,No,No,2,34.1804834,-118.2023031,"Lenore Drive, Emerald Isle, Glendale, Los Angeles County, California, 91208, United States"
62,134,Grant Park,"232 South Michigan Ave, Pasadena",Public,No,Yes,No,2,34.14240603333333,-118.12604846666667,"232, South Michigan Avenue, Pasadena, Los Angeles County, California, 91106, United States"
63,136,Roxbury Memorial Park,"471 Roxbury Dr, Beverly Hills",Public,No,Yes,No,4,34.057583199999996,-118.40607227244698,"Roxbury Park Community Center, 471, South Roxbury Drive, Pico-Robertson, Beverly Hills, Los Angeles County, California, 90212, United States"
64,138,George Izay Park,"1111 W Olive Ave, Burbank",Public,No,Yes,No,2,34.171643469942104,-118.31857031226798,"1111, West Olive Avenue, Burbank, Los Angeles County, California, 91506, United States"
65,139,Cheviot Hills Tennis Center,"2601 Motor Ave, Los Angeles",Public,Yes,Yes,No,14,34.04579935134231,-118.40731046926821,"2601, Motor Avenue, Cheviot Hills, Los Angeles, Los Angeles County, California, 90064, United States"
66,140,Fox Hills Park,"5830 Uplander Way, Culver City",Public,No,Yes,No,3,33.98480381513621,-118.38603149270382,"5830, Uplander Way, Fox Hills, Culver City, Los Angeles County, California, 90230, United States"
67,141,Glorietta Park,"2801 N Verdugo Rd, Glendale",Public,Yes,Yes,No,4,34.187523,-118.225806,"2801, North Verdugo Road, Sparr Heights, Glendale, Los Angeles County, California, 91208, United States"
68,145,Veterans Memorial Park,"4117 Overland Ave, Culver City",Public,No,Yes,No,2,34.01294332,-118.40177492000001,"4117, Overland Avenue, Culver City, Los Angeles County, California, 90230, United States"
69,110,Ladera Park,"6027 Ladera Park Ave, Los Angeles",Public,No,Yes,No,2,33.98550376737322,-118.3585899570302,"6027, Ladera Park Avenue, Windsor Hills, View Park-Windsor Hills, Los Angeles County, California, 90056, United States"
70,150,Athens Park,"12603 S Broadway, Willowbrook",Public,No,Yes,No,2,33.918730836734696,-118.278399,"12603, South Broadway, Willowbrook, Los Angeles County, California, 90061, United States"
71,153,Ashwood Park,"201 S Ash Ave, Inglewood",Public,No,No,No,2,33.961171,-118.368292,"201, South Ash Avenue, Inglewood, Los Angeles County, California, 90301, United States"
72,160,John Muir High School,"1905 Lincoln Ave, Pasadena",Public,No,No,No,10,34.178215004668054,-118.15973883606547,"1905, Lincoln Avenue, Pasadena, Los Angeles County, California, 91103, United States"
73,164,Washington Park,"700 E Washington Blvd, Pasadena",Public,No,Yes,No,2,34.168877,-118.13505,"700, East Washington Boulevard, Normandie Heights, Pasadena, Los Angeles County, California, 91104, United States"
74,166,Oakmont View Park,"2940 Oakmont View Dr, Glendale",Public,No,Yes,No,2,34.199635254812144,-118.24327681941364,"2940, Oakmont View Drive, Glendale, Los Angeles County, California, 91208, United States"
75,170,Montrose Community Park,"3529 Clifton Pl, Glendale",Public,No,Yes,No,2,34.20183330240474,-118.22504687122456,"3529, Clifton Place, Glendale, Los Angeles County, California, 91208, United States"
76,173,Rowley Memorial Park,"13220 Van Ness Avenue, Gardena",Public,No,Yes,No,4,33.91232934546118,-118.31769781710776,"13220, Van Ness Avenue, Gardena, Los Angeles County, California, 90249, United States"
77,174,Burbank Tennis Center,"1515 Glenoaks Blvd, Burbank",Public,Yes,No,No,12,34.19295257142857,-118.31976128571428,"1515, Glenoaks Boulevard, Burbank, Los Angeles County, California, 91504, United States"
78,176,Mar Vista Recreation Center,"11430 Woodbine St, Los Angeles",Public,No,No,No,6,34.01788936734694,-118.42933051020408,"11430, Woodbine Street, Mar Vista, Los Angeles, Los Angeles County, California, 90066, United States"
79,180,Eaton Blanche Park,"3100 E Del Mar Blvd, Pasadena",Public,No,Yes,No,2,34.14212,-118.085998,"3100, East Del Mar Boulevard, Pasadena, Los Angeles County, California, 91107, United States"
80,181,Hawthorne Memorial Park,"3901 W El Segundo Blvd, Hawthorne",Public,No,Yes,No,3,33.916505,-118.341845,"3901, West El Segundo Boulevard, Hawthorne, Los Angeles County, California, 90250, United States"
81,183,North Hollywood Recreation Center,"5301 Tujunga Ave, North Hollywood",Public,No,Yes,No,5,34.16712,-118.379069,"5301, Tujunga Avenue, NoHo, North Hollywood, Los Angeles, Los Angeles County, California, 91601, United States"
82,185,Rosecrans Recreation Center,"840 W 149th Street, Los Angeles",Public,No,No,No,1,33.89660215,-118.29049658771649,"840, West 149th Street, Harbor Gateway, Gardena, Los Angeles County, California, 90247, United States"
83,187,East Rancho Dominguez Park,"15116 S Atlantic Ave, East Compton",Public,No,Yes,No,2,,,
84,189,South El Monte Community Center,"1530 Central Ave, South El Monte",Public,No,Yes,No,2,34.046120749961126,-118.04683541188557,"1530, Central Avenue, South El Monte, Los Angeles County, California, 91733, United States"
85,192,Victory Park,"2575 Paloma St, Pasadena",Public,No,No,No,10,34.15940585546179,-118.09719325386943,"2575, Paloma Street, Bungalow Heaven, Pasadena, Los Angeles County, California, 91107, United States"
86,193,Loma Alta Park,"670 W Loma Alta Dr, Altadena",Public,No,Yes,No,4,34.201936322033895,-118.15693447457627,"670, West Loma Alta Drive, Altadena, Los Angeles County, California, 91001, United States"
87,195,Independence Park Tennis Center,"12334 Bellflower Blvd, Downey",Public,Yes,Yes,No,8,33.91974852873563,-118.12529059770115,"12334, Bellflower Boulevard, Downey, Los Angeles County, California, 90242, United States"
88,201,Palm Park Tennis Center,"5703 Palm Ave, Whittier",Public,Yes,Yes,No,7,33.99200771428571,-118.05480991836735,"5703, Palm Avenue, Whittier, Los Angeles County, California, 90601, United States"
89,202,Westwood Tennis Center,"1350 S Sepulveda Blvd, Los Angeles",Public,Yes,Yes,No,8,33.9585157,-118.3962997,"South Sepulveda Boulevard, Westchester, Los Angeles, Los Angeles County, California, 90045, United States"
90,203,Jim Thorpe Park,"14100 S Prairie Ave, Hawthorne",Public,No,Yes,No,2,,,
91,204,Studio City Recreation Center,"12621 Rye St, Studio City",Public,No,No,No,4,34.1512987,-118.4030423,"Rye Street, Studio City, Valley Village, Los Angeles, Los Angeles County, California, 91604, United States"
92,208,Glen Alla Park,"4601 Alla Rd, Los Angeles",Public,No,Yes,No,2,33.986066,-118.432044,"4601, Alla Road, Alla, Del Rey, Los Angeles, Los Angeles County, California, 90292, United States"
93,211,Los Angeles Tennis Center,"420 Charles E Young Dr W, Los Angeles",Public,Yes,Yes,No,8,34.0699414,-118.448857,"Charles E Young Drive West, Westwood, Los Angeles, Los Angeles County, California, 90095, United States"
94,212,Live Oak Park,"10144 Bogue St, Arcadia",Public,No,Yes,No,7,,,
95,213,Vernon M Hemingway Memorial Park,"700 E Gardena Blvd, Carson",Public,No,Yes,No,2,33.882351590795935,-118.26228868532597,"700, East Gardena Boulevard, Carson, Los Angeles County, California, 90746, United States"
96,214,B George H Freeman Memorial Park,"2100 W 154th Place, Gardena",Public,No,Yes,No,1,33.890965,-118.316654,"2100, West 154th Place, Gardena, Los Angeles County, California, 90249, United States"
97,215,Del Aire Park,"12601 S Isis Avenue, Hawthorne",Public,No,Yes,No,4,,,
98,219,The Sports Park,"13196 Bluff Creek Dr, Los Angeles",Public,No,No,No,2,33.968979350831766,-118.42490603261255,"13196, West Bluff Creek Drive, Playa Vista, Los Angeles, Los Angeles County, California, 90094, United States"
99,221,Brace Canyon Park,"2901 Haven Way, Burbank",Public,No,No,No,4,34.20998,-118.329493,"2901, Haven Way, Burbank, Los Angeles County, California, 91504, United States"
100,222,Farnsworth Park,"568 E Mount Curve Ave, Altadena",Public,No,Yes,No,2,34.2016888,-118.1328903,"Mount Curve Avenue, Altadena, Los Angeles County, California, 91001, United States"
101,223,Stoner Recreation Center,"1835 Stoner Ave, Los Angeles",Public,No,No,No,6,34.03882895918367,-118.45336159183672,"1835, Stoner Avenue, Sawtelle Japantown, Sawtelle, Los Angeles, Los Angeles County, California, 90025, United States"
102,225,Sycamore Tennis Courts,"405 Hilgard Ave, Los Angeles",Public,No,No,No,6,34.06118085,-118.44919335503175,"UCLA Southwest Campus, 405, Hilgard Avenue, Westwood Village, Westwood, Los Angeles, Los Angeles County, California, 90095, United States"
103,229,Hamilton Park,"3680 Cartwright St, Pasadena",Public,No,Yes,No,2,34.16423964206373,-118.07391554817305,"3680, Cartwright Street, Pasadena, Los Angeles County, California, 91107, United States"
104,232,Clover Park,"2600 Ocean Park Blvd, Santa Monica",Public,No,Yes,No,2,34.0175881941827,-118.45770014916388,"2600, Ocean Park Boulevard, Santa Monica, Los Angeles County, California, 90405, United States"
105,233,Arthur Lee Johnson Memorial Park,"1200 W 170th St, Gardena",Public,No,Yes,No,4,33.87646063087249,-118.29891961744967,"1200, West 170th Street, Hermosillo, Gardena, Los Angeles County, California, 90247, United States"
106,236,Broadway Park,"12816 Broadway Rd, Whittier",Public,No,Yes,No,2,,,
107,237,Stevenson Park,"17400 Lysander Dr, Carson",Public,No,Yes,No,2,33.872824,-118.258679,"17400, Lysander Drive, Carson, Los Angeles County, California, 90746, United States"
108,243,El Camino College,"16007 Crenshaw Blvd, Torrance",Public,No,Yes,No,10,33.8821535,-118.3311355,"16007, Crenshaw Boulevard, Bridgedale, Torrance, Los Angeles County, California, 90506, United States"
109,248,Dunsmore Park,"4720 Dunsmore Ave, Glendale",Public,No,No,No,1,34.238528849991965,-118.2572627935165,"4720, Dunsmore Avenue, Highway Highlands, Glendale, Los Angeles County, California, 91214, United States"
110,249,Barrington Recreation Center,"333 S Barrington Ave, Los Angeles",Public,No,Yes,No,4,34.062168,-118.468644,"333, South Barrington Avenue, Westgate Heights, Brentwood, Los Angeles, Los Angeles County, California, 90049, United States"
111,251,Houghton Park,"6301 Myrtle Ave, Long Beach",Public,No,Yes,No,2,33.86824494949495,-118.18215955555556,"6301, Myrtle Avenue, North Long Beach, Long Beach, Los Angeles County, California, 90805, United States"
112,252,Valley Plaza Park,"12240 Archwood Street, Los Angeles",Public,No,Yes,No,4,34.19205679591837,-118.40024671428571,"12240, Archwood Street, Valley Glen, Los Angeles, Los Angeles County, California, 91606, United States"
113,253,Sierra Madre Park,"611 E Sierra Madre Blvd, Sierra Madre",Public,No,Yes,No,2,34.162038714285714,-118.04149771428571,"611, East Sierra Madre Boulevard, Sierra Madre, Los Angeles County, California, 91024, United States"
114,256,Orange Grove Park,"674 E Orange Grove Ave, Arcadia",Public,No,No,No,5,34.1568077,-118.0302504,"East Orange Grove Avenue, Arcadia, Los Angeles County, California, 91006, United States"
115,258,De Forest Park,"6255 De Forest Ave, Long Beach",Public,No,Yes,No,4,33.86868589795918,-118.1911886734694,"6255, De Forest Avenue, North Long Beach, Long Beach, Los Angeles County, California, 90805, United States"
116,260,Marine Park,"1406 Marine St, Santa Monica",Public,No,Yes,No,3,34.00570179591836,-118.4666160612245,"1406, Marine Street, Santa Monica, Los Angeles County, California, 90405, United States"
117,263,El Segundo Parks & Recreation Tennis Center,"401 Sheldon Street, El Segundo",Public,Yes,Yes,No,7,33.922351,-118.411307,"401, Sheldon Street, El Segundo, Los Angeles County, California, 90245, United States"
118,267,Arcadia County Park,"405 S Santa Anita Ave, Arcadia",Public,No,Yes,No,12,34.1509988,-118.0317224,"Santa Anita Avenue, Arcadia, Los Angeles County, California, 91006, United States"
119,268,Ramona Park,"3301 E 65th St, Long Beach",Public,No,No,No,2,33.87195004081632,-118.15443773469387,"3301, East 65th Street, Long Beach, Los Angeles County, California, 90805, United States"
120,269,Tierra Verde Park,"224 E Camino Real Ave, Arcadia",Public,No,Yes,No,2,34.12196467857143,-118.02412310714286,"224, East Camino Real Avenue, Arcadia, Los Angeles County, California, 91006, United States"
121,272,Anderson Park,"19101 Wilimington Ave, Carson",Public,No,Yes,No,4,,,
122,273,Newcastle Park,"143 W Colorado Blvd, Arcadia",Public,No,Yes,No,2,34.1455962,-118.0254302,"Colorado Boulevard, Arcadia, Los Angeles County, California, 91006, United States"
123,274,Victoria Park,"419 E 192nd St, Carson",Public,No,Yes,No,4,33.85682672271287,-118.27001327870289,"419, East 192nd Street, Carson, Los Angeles County, California, 90746, United States"
124,275,Sun Valley Park,"8133 Vineland Ave, Sun Valley",Public,No,Yes,No,2,34.2120714,-118.3703358,"Vineland Avenue, Sun Valley, Los Angeles, Los Angeles County, California, 91352, United States"
125,276,Sherman Oaks Tennis Center,"14201 Huston St, Van Nuys",Public,No,Yes,No,8,34.1603228,-118.4430433623827,"Van Nuys Sherman Oaks Pool, Huston Street, Sherman Oaks, Los Angeles, Los Angeles County, California, 91423, United States"
126,278,Anderson Park,"2229 Ernest Ave, Redondo Beach",Public,No,Yes,No,2,33.8828014,-118.374876,"Ernest Avenue, Redondo Beach, Los Angeles County, California, 90278, United States"
127,279,Memorial Park,"1401 Olympic Blvd, Santa Monica",Public,No,Yes,No,4,34.019769,-118.480427,"1401, Olympic Boulevard, Santa Monica, Los Angeles County, California, 90404, United States"
128,280,San Angelo Park,"245 San Angelo Ave, Avocado Heights",Public,No,Yes,No,2,,,
129,281,Camino Grove Park,"1420 S Sixth St, Arcadia",Public,No,Yes,No,3,,,
130,284,Sierra Vista Park,"611 E Sierra Madre Blvd, Sierra Madre",Public,No,Yes,No,2,34.162038714285714,-118.04149771428571,"611, East Sierra Madre Boulevard, Sierra Madre, Los Angeles County, California, 91024, United States"
131,285,Manhattan Heights Park,"1600 Manhattan Beach Blvd., Manhattan Beach",Public,No,Yes,No,2,33.887284,-118.38503,"1600, Manhattan Beach Boulevard, Manhattan Village, Manhattan Beach, Los Angeles County, California, 90266, United States"
132,286,Los Amigos Park,"2598 6th St, Santa Monica",Public,No,Yes,No,1,34.00504,-118.479802,"2598, 6th Street, Ocean Park, Santa Monica, Los Angeles County, California, 90405, United States"
133,288,Bellflower City Caruthers Park,"10500 Flora Vista St, Bellflower",Public,No,Yes,No,2,33.88012,-118.110607,"10500, Flora Vista Street, Bellflower, Los Angeles County, California, 90706, United States"
134,289,Ocean View Park,"2701 Barnard Way, Santa Monica",Public,No,Yes,No,6,33.9968746,-118.4819169,"Barnard Way, Ocean Park, Santa Monica, Los Angeles County, California, 90291, United States"
135,293,Atlantic Plaza Park,"1000 Via Wanda, Long Beach",Public,No,No,No,1,33.85035218907028,-118.17970206347613,"1000, East Via Wanda, North Long Beach, Long Beach, Los Angeles County, California, 90805, United States"
136,295,Reed Park,"1133 7th St, Santa Monica",Public,No,Yes,No,6,34.02233626802546,-118.49640647081651,"1133, 7th Street, Santa Monica, Los Angeles County, California, 90403, United States"
137,299,Scherer Park,"4600 Long Beach Boulevard, Long Beach",Public,No,Yes,No,4,33.84128,-118.191725,"4600, Long Beach Boulevard, Bixby Knolls, Long Beach, Los Angeles County, California, 90805, United States"
138,300,Live Oak Park,"1901 N Valley Dr, Manhattan Beach",Public,Yes,Yes,No,6,33.8914287827706,-118.40980097448013,"1901, North Valley Drive, Tree Section, Manhattan Beach, Los Angeles County, California, 90266, United States"
139,304,Dolphin Park,"21205 Water St, Carson",Public,No,Yes,No,2,33.837117,-118.241031,"21205, Water Street, Carson, Los Angeles County, California, 90745, United States"
140,306,Mayfair Park,"720 Clark Ave, Lakewood",Public,No,Yes,No,2,33.8470337,-118.1337966,"Clark Avenue, Lakewood, Los Angeles County, California, 90712, United States"
141,313,Sunland Park,"8651 Foothill Blvd, Los Angeles",Public,No,No,No,2,34.25981516326531,-118.3212313877551,"8651, Foothill Boulevard, Los Angeles, Los Angeles County, California, 91040, United States"
142,314,Van Nuys Recreation Center,"14301 Vanowen Ave, Van Nuys",Public,No,Yes,No,3,,,
143,316,La Romeria Park,"19501 Inglewood Ave, Torrance",Public,No,Yes,No,1,33.85323132323232,-118.36049548484849,"19501, South Inglewood Avenue, Torrance, Los Angeles County, California, 90503, United States"
144,317,Cherry Ave Park,"1901 E 45th St., Long Beach",Public,No,Yes,No,2,33.838658,-118.167554,"1901, East 45th Street, Bixby Knolls, Long Beach, Los Angeles County, California, 90807, United States"
145,319,Westgate Park,"18830 San Gabriel Ave, Cerritos",Public,No,Yes,No,1,33.8596732040453,-118.10398191002825,"18830, San Gabriel Avenue, Cerritos, Los Angeles County, California, 90703, United States"
146,320,Rustic Canyon Recreation Center,"601 Latimer Rd, Santa Monica",Public,No,No,No,6,,,
147,321,Calas Park,"900 E 220th St, Carson",Public,No,Yes,No,2,33.827778,-118.259156,"900, East 220th Street, Keystone, Carson, Los Angeles County, California, 90745, United States"
148,323,Hermosa Beach Community Center,"710 Pier Ave, Hermosa Beach",Public,No,Yes,No,6,33.86473729795658,-118.39415063609454,"710, Pier Avenue, Hermosa Beach, Los Angeles County, California, 90254, United States"
149,326,Somerset Park,"1500 E Carson St, Long Beach",Public,No,Yes,No,2,33.8317353,-118.2161678,"East Carson Street, Long Beach, Los Angeles County, California, 90810, United States"
150,328,Clark Field,"1035 Valley Dr, Hermosa Beach",Public,No,Yes,No,2,33.862328250000004,-118.39506130482823,"Community Services, 1035, Valley Drive, Hermosa Beach, Los Angeles County, California, 90254, United States"
151,329,Los Cerritos Park,"3750 Del Mar Ave, Long Beach",Public,No,Yes,No,2,33.8255189,-118.1995109,"Del Mar Avenue, Vista del Mar, Long Beach, Los Angeles County, California, 90807, United States"
152,330,Lakewood Tennis Center,"4212 Clubhouse Dr, Lakewood",Public,No,Yes,No,14,33.83549,-118.154894,"4212, Clubhouse Drive, Lakewood, Los Angeles County, California, 90712, United States"
153,332,La Mirada City Gardenhill Park,"14435 Gardenhill Drive, La Mirada",Public,No,Yes,No,2,33.91003671840197,-118.02443270520507,"14435, Gardenhill Drive, La Mirada, Los Angeles County, California, 90638, United States"
154,333,Monrovia Recreation Park,"779 E Olive Ave, Monrovia",Public,No,Yes,No,4,34.14510514855979,-117.98889888649956,"779, East Olive Avenue, Monrovia, Los Angeles County, California, 91016, United States"
155,334,Liberty Park,"19211 Studebaker Rd, Cerritos",Public,No,Yes,No,6,33.856489569174265,-118.099660766583,"19211, Studebaker Road, Cerritos, Los Angeles County, California, 90703, United States"
156,336,Veterans Park,"22400 Moneta Ave, Carson",Public,No,Yes,No,2,33.82371191919192,-118.28160303030303,"22400, Moneta Avenue, Keystone, Carson, Los Angeles County, California, 90745, United States"
157,337,Palisades Tennis Center,"851 Alma Real Dr, Los Angeles",Public,Yes,Yes,No,8,34.044058,-118.524666,"851, Alma Real Drive, Pacific Palisades, Los Angeles, Los Angeles County, California, 90272, United States"
158,339,Branford Park,"9019 Beachy Ave, Los Angeles",Public,No,Yes,No,2,34.233210625,-118.422652,"9019, Beachy Avenue, Arleta, Los Angeles, Los Angeles County, California, 91331, United States"
159,340,Leffingwell Ranch Park,"10537 Santa Gertrudes, Whittier",Public,No,Yes,No,4,33.939888571428575,-117.99301075510203,"10537, Santa Gertrudes Avenue, Whittier, Los Angeles County, California, 90603, United States"
160,343,Cerritos Park East,"13234 166th St, Cerritos",Public,No,Yes,No,4,33.88049546285142,-118.04816638582749,"13234, 166th Street, Cerritos, Los Angeles County, California, 90703, United States"
161,348,Paradise Park,"5006 Lee St, Torrance",Public,No,Yes,No,2,33.835948670034874,-118.36597139035133,"5006, Lee Street, Torrance, Los Angeles County, California, 90503, United States"
162,349,Silverado Park,"1545 W 31st St, Long Beach",Public,No,Yes,No,4,33.8139931,-118.2133072,"West 31st Street, Vista del Mar, Long Beach, Los Angeles County, California, 90810, United States"
163,350,Duarte Sports Park,"1401 Central Ave, Duarte",Public,No,Yes,No,6,34.136052,-117.9753503943434,"1401, Central Avenue, Duarte, Los Angeles County, California, 91010, United States"
164,352,Panorama Recreation Center,"8600 Hazeltine Ave, Los Angeles",Public,No,No,No,4,34.22620687356182,-118.4409145478223,"8600, Hazeltine Avenue, Panorama City, Los Angeles, Los Angeles County, California, 91402, United States"
165,355,Scott Park,"23410 Catskill Avenue, Carson",Public,No,Yes,No,2,33.814017250538335,-118.27117073166932,"23410, Catskill Avenue, Avalon Village, Carson, Los Angeles County, California, 90745, United States"
166,361,Hartwell Park,"5697 E Parkcrest St, Long Beach",Public,No,No,No,1,33.830343506666665,-118.12215065333334,"5697, East Parkcrest Street, Long Beach, Los Angeles County, California, 90808, United States"
167,363,Veterans Memorial Park,"101 E 28th St, Long Beach",Public,No,Yes,No,2,33.808092,-118.192321,"101, East 28th Street, Long Beach, Los Angeles County, California, 90806, United States"
168,364,La Mirada Park,"13800 Adelfa Dr, La Mirada",Public,No,No,No,12,33.90514551950189,-118.00393346163705,"13800, Adelfa Drive, La Mirada, Los Angeles County, California, 90638, United States"
169,366,Balboa Tennis Center,"17015 Burbank Blvd, Encino",Public,Yes,Yes,No,16,34.1686303,-118.4965781,"Burbank Boulevard, Encino, Los Angeles, Los Angeles County, California, 91316, United States"
170,367,Hickory Park,"2850 232nd St, Torrance",Public,No,Yes,No,1,33.8149374,-118.3253343,"232nd Street, Torrance, Los Angeles County, California, 90501, United States"
171,368,Veterans Memorial Park - Longbeach,"101 E 28th St, Long Beach",Public,No,Yes,No,1,33.808092,-118.192321,"101, East 28th Street, Long Beach, Los Angeles County, California, 90806, United States"
172,370,Lake View Terrace Recreation,"11075 Foothill Blvd, Los Angeles",Public,No,Yes,No,2,34.2746025,-118.371708,"11075, Foothill Boulevard, Lake View Terrace, Los Angeles, Los Angeles County, California, 91342, United States"
173,371,Alta Vista Park,"801 Camino Real, Redondo Beach",Public,Yes,Yes,No,8,33.8277276,-118.3731426,"Camino Real, Clifton, Redondo Beach, Los Angeles County, California, 90277, United States"
174,372,Sur La Brea Park,"23610 Cabrillo Ave, Torrance",Public,No,Yes,No,2,33.810671,-118.314372,"23610, Cabrillo Avenue, Torrance, Los Angeles County, California, 90501, United States"
175,374,Sepulveda Recreation Center,"8825 Kester Ave, Panorama City",Public,No,Yes,No,4,34.23047666666667,-118.457569,"8825, Kester Avenue, Panorama City, Los Angeles, Los Angeles County, California, 91402, United States"
176,382,Lomita Recreation Center,"24428 Eshelman Avenue, Lomita",Public,No,Yes,No,2,33.803577142857144,-118.314417,"24428, Eshelman Avenue, Harbor Hills, Lomita, Los Angeles County, California, 90717, United States"
177,383,Cerritos Regional Park,"195th St, Cerritos",Public,No,No,No,14,33.8533712,-118.0821471,"195th Street, Cerritos, Los Angeles County, California, 90701, United States"
178,385,Del Norte Park,"1500 W Rowland Ave, West Covina",Public,No,Yes,No,4,34.07852545,-117.93731863321273,"Central Bark Dog Park (Del Norte Park), 1500, West Rowland Avenue, West Covina, Los Angeles County, California, 91790, United States"
179,391,Irwindale Park Juarez St,"15818 Juarez St, Irwindale",Public,No,Yes,No,1,34.10543397959184,-117.93589289795919,"15818, Juarez Street, Irwindale, Los Angeles County, California, 91706, United States"
180,394,Banning Recreation Center,"1331 Eubank Ave, Wilmington",Public,No,Yes,No,4,33.79010566666667,-118.25601264102563,"1331, Eubank Avenue, Wilmington, Los Angeles, Los Angeles County, California, 90744, United States"
181,395,El Retiro Park,"126 Vista del Parque, Torrance",Public,No,Yes,No,2,33.8156307,-118.37892580339465,"126, Vista del Parque, Hollywood Riviera, Redondo Beach, Los Angeles County, California, 90277, United States"
182,397,Irwindale Park,"5050 Irwindale Ave, Irwindale",Public,No,Yes,No,2,34.1041751,-117.9328412,"Irwindale Public Library, 5050, Irwindale Avenue, Irwindale, Los Angeles County, California, 91706, United States"
183,398,Walteria Park,"3855 242nd St, Torrance",Public,No,No,No,1,33.804497904963924,-118.35389946680087,"3855, West 242nd Street, Walteria, Torrance, Los Angeles County, California, 90505, United States"
184,401,Central Park,"7821 Walker St, La Palma",Public,No,Yes,No,2,33.848831829207334,-118.03715622438943,"7821, Walker Street, La Palma, Orange County, California, 90623, United States"
185,402,George Bellis Park,"7171 8th St, Buena Park",Public,Yes,No,No,4,33.867008861946395,-118.00847624959165,"7171, 8th Street, Buena Park, Orange County, California, 90621, United States"
186,403,Richie Valens Park,"10736 Laurel Canyon Blvd, Pacoima",Public,No,Yes,No,2,34.26539340816326,-118.43898679591837,"10736, Laurel Canyon Boulevard, Pacoima, Los Angeles, Los Angeles County, California, 91331, United States"
187,404,Ralph B Clark Park,"8800 Rosecrans Avenue, Buena Park",Public,No,Yes,No,4,33.8955213,-117.984465,"Rosecrans Avenue, Fullerton, Orange County, California, 90621, United States"
188,406,Encanto Park,"751 Encanto Pkwy, Duarte",Public,No,No,No,2,34.1434526,-117.9370531,"Encanto Parkway, Duarte, Los Angeles County, California, 91008, United States"
189,408,Schabarum Park,"17250 E Colima Rd, Rowland Heights",Public,No,No,No,2,,,
190,414,El Dorado Park Tennis Center,"2800 Studebake, Long Beach",Public,Yes,Yes,No,15,,,
191,417,South Bay Tennis Center,"25924 Rolling Hills Road, Torrance",Public,Yes,Yes,No,8,33.78781968686508,-118.34041170148552,"25924, Rolling Hills Road, Rolling Hills Estates, Torrance, Los Angeles County, California, 90505, United States"
192,419,Reseda Park,"18411 Victory Blvd, Reseda",Public,No,Yes,No,4,,,
193,422,Drake Park,"951 Maine Ave, Long Beach",Public,No,Yes,No,1,33.77837342857143,-118.20070004081633,"951, Maine Avenue, Long Beach, Los Angeles County, California, 90813, United States"
194,430,Cypress Library,"5331 Orange Ave, Cypress",Public,No,Yes,No,6,33.82440753985469,-118.03982039087327,"5331, Orange Avenue, Cypress, Orange County, California, 90630, United States"
195,433,Memorial ParkW ,"4th Street, Azusa",Public,No,Yes,No,3,,,
196,434,Dearborn Park,"17141 Nordhoff St, Los Angeles",Public,No,Yes,No,2,34.23587,-118.507861875,"17141, Nordhoff Street, Sherwood Forest, Northridge, Los Angeles, Los Angeles County, California, 91325, United States"
197,435,Billie Jean King Tennis Center,"1040 Park Avenue, Long Beach",Public,Yes,Yes,No,8,33.781045003662975,-118.14047561679345,"1040, Park Avenue, Los Altos, Long Beach, Los Angeles County, California, 90804, United States"
198,437,Pioneer Park,"828 Harding Ave, San Fernando",Public,No,No,No,2,34.29445709268233,-118.43246405213685,"828, Harding Avenue, San Fernando, Los Angeles County, California, 91340, United States"
199,438,Rossmoor Park,"3232 Hedwig Rd, Los Alamitos",Public,No,Yes,No,4,33.79930555,-118.07648580783541,"3232, Hedwig Road, Orange County, California, 90720, United States"
200,439,Northside ParkW ,"12th St, Azusa",Public,No,Yes,No,3,,,
201,440,Shadow Oak Park,"2121 E Shadow Oak Dr, West Covina",Public,No,No,No,2,34.0196699,-117.903301,"Shadow Oak Drive, Woodside Village, West Covina, Los Angeles County, California, 91792, United States"
202,442,Las Palmas Park,"505 S Huntington Street, San Fernando",Public,No,No,No,1,34.2853638,-118.4492292,"505, South Huntington Street, San Fernando, Los Angeles County, California, 91340, United States"
203,443,Laurel Park,"3191 Katella Ave, Los Alamitos",Public,No,Yes,No,4,33.80327223146009,-118.07604872773545,"3191, Katella Avenue, Los Alamitos, Orange County, California, 90720, United States"
204,444,Pathfinder Park,"18150 Pathfinder Rd, Rowland Heights",Public,No,Yes,No,3,33.96785564443499,-117.9143665828387,"18150, Pathfinder Road, Rowland Heights, Los Angeles County, California, 91765, United States"
205,451,Boisseranc Park,"7520 Dale St, Anaheim",Public,No,Yes,No,4,33.8172071,-117.9845897,"Dale Street, Anaheim, Orange County, California, 92841, United States"
206,453,Woodcrest Park,"1695 Cedarcrest Dr, Brea",Public,No,Yes,No,1,33.945173392824884,-117.91109219489572,"1695, Cedarcrest Drive, Brea, Orange County, California, 92821, United States"
207,454,Granada Hills Recreation Center,"16730 Chatsworth St, Granada Hills",Public,No,Yes,No,4,34.264652414141416,-118.49635053535354,"16730, Chatsworth Street, Granada Hills, Los Angeles, Los Angeles County, California, 91344, United States"
208,458,Marina Vista Park,"5355 Eliot St, Long Beach",Public,No,No,No,2,33.76889677901071,-118.13155468508846,"5355, Eliot Street, Belmont Shore, Long Beach, Los Angeles County, California, 90814, United States"
209,460,College Estates Park,"808 Stevely Ave, Long Beach",Public,No,No,No,1,33.776574499999995,-118.099119,"808, Stevely Avenue, Long Beach, Los Angeles County, California, 90815, United States"
210,462,San Juan Park,"2920 San Juan Drive, Fullerton",Public,No,No,No,1,33.904232491827145,-117.92859117133615,"2920, San Juan Drive, Sunny Hills, Fullerton, Orange County, California, 92835, United States"
211,464,El Cariso Regional Park,"13100 Hubbard St, Sylmar",Public,No,Yes,No,11,34.2968373,-118.4422061,"Hubbard Street, Sylmar, Los Angeles, Los Angeles County, California, 91340, United States"
212,465,Founder's Park,"777 Skyler Way, Brea",Public,No,Yes,No,2,33.9334668,-117.9085015,"Skyler Way, Brea, Orange County, California, 92821, United States"
213,469,Sylmar Recreation Center,"13116 Fellows Ave, Los Angeles",Public,No,Yes,No,2,34.30792407530098,-118.44741162916829,"13116, Fellows Avenue, Sylmar, Los Angeles, Los Angeles County, California, 91342, United States"
214,470,Fullerton Tennis Center,"110 E Valencia Mesa Dr, Fullerton",Public,Yes,Yes,No,11,33.89338885935082,-117.92815913143032,"110, East Valencia Mesa Drive, Fullerton, Orange County, California, 92835, United States"
215,473,Runnymede Recreation Center,"20200 Runnymede St, Los Angeles",Public,No,No,No,4,34.205829,-118.572938,"20200, Runnymede Street, Winnetka, Los Angeles, Los Angeles County, California, 91306, United States"
216,476,Northridge Recreation Center,"9999 Etiwanda Ave, Los Angeles",Public,No,Yes,No,5,34.251702,-118.531822,"9999, Etiwanda Avenue, Northridge, Los Angeles, Los Angeles County, California, 91325, United States"
217,479,Seal Beach Tennis Center,"3900 Lampson Ave, Seal Beach",Public,Yes,Yes,No,16,33.77542955,-118.0631513978518,"3900, Lampson Avenue, Seal Beach, Orange County, California, 90740, United States"
218,481,Stanton Tennis Center,"10678 Western Ave, Stanton",Public,No,Yes,No,6,33.80729315036842,-118.00207362654199,"10678, Western Avenue, Los Alamitos Junction, Stanton, Orange County, California, 90680, United States"
219,485,Quimby Park,"7008 Desoto Ave, Los Angeles",Public,No,No,No,2,,,
220,487,Fullerton College,"321 E Chapman Ave, Fullerton",Public,No,No,No,12,33.8760825,-117.91708852390022,"Fullerton College, 321, East Chapman Avenue, Downtown Fullerton, Fullerton, Orange County, California, 92831, United States"
221,493,Eddleston Park,"11820 Reseda Blvd, Northridge",Public,No,Yes,No,4,34.2505787,-118.536109,"Reseda Boulevard, Northridge, Los Angeles, Los Angeles County, California, 91325, United States"
222,494,Bolsa Chica Park,"13660 University St, Westminster",Public,No,Yes,No,3,33.76394828268589,-118.03597085187204,"13660, University Street, Westminster, Orange County, California, 92683, United States"
223,495,Magnolia Park,"11402 Magnolia St, Garden Grove",Public,No,Yes,No,2,33.7969482,-117.9750244,"11402, Magnolia Street, Garden Grove, Orange County, California, 92841, United States"
224,503,Limekiln Canyon Park,"10300 Limekiln Canyon Road, Northridge",Public,No,Yes,No,2,34.257341,-118.558572,"10300, Limekiln Canyon Road, Northridge, Los Angeles, Los Angeles County, California, 91326, United States"
